order_no,day,machine_number,excel_qty,department
700041,2025-08-07,KM2,9687,202 Flasche/Spender
700106,2025-08-16,KM1,1270,202 Flasche/Spender
700074,2025-06-20,KM1,5701,202 Flasche/Spender
700024,2025-11-01,AXO12,2542,202 Flasche/Spender
700055,2025-09-21,AXO11,871,202 Flasche/Spender
700002,2025-08-07,AXO11,4549,202 Flasche/Spender
700028,2025-10-13,AXO12,4102,202 Flasche/Spender
700059,2025-10-04,KM1,13441,202 Flasche/Spender
700084,2025-07-01,AXO12,6222,202 Flasche/Spender
700014,2025-07-09,AXO12,2917,202 Flasche/Spender
700111,2025-06-12,AXO11,3155,202 Flasche/Spender
700045,2025-07-20,AXO10,4162,202 Flasche/Spender
700036,2025-08-03,KM1,2475,202 Flasche/Spender
700003,2025-07-28,AXO11,5266,202 Flasche/Spender
700073,2025-11-04,AXO11,3688,202 Flasche/Spender
700025,2025-10-15,AXO11,4126,202 Flasche/Spender
700110,2025-06-16,KM2,5244,202 Flasche/Spender
700013,2025-07-09,KM2,3690,202 Flasche/Spender
700105,2025-06-11,KM1,13234,202 Flasche/Spender
700044,2025-06-11,AXO11,2036,202 Flasche/Spender
700005,2025-09-22,KM2,2353,202 Flasche/Spender
700035,2025-08-14,KM1,3353,202 Flasche/Spender
700064,2025-07-16,AXO12,6836,202 Flasche/Spender
700056,2025-09-17,KM2,4622,202 Flasche/Spender
700030,2025-07-10,AXO11,9961,202 Flasche/Spender
700011,2025-10-12,AXO10,4020,202 Flasche/Spender
700029,2025-10-14,AXO11,1402,202 Flasche/Spender
700079,2025-09-29,AXO10,1056,202 Flasche/Spender
700107,2025-07-20,AXO11,3949,202 Flasche/Spender
700021,2025-10-18,KM2,5711,202 Flasche/Spender
700016,2025-07-06,KM2,879,202 Flasche/Spender
700000,2025-06-10,AXO12,3022,202 Flasche/Spender
700027,2025-09-30,AXO10,8781,202 Flasche/Spender
700093,2025-10-26,KM2,4658,202 Flasche/Spender
700060,2025-07-08,KM1,9603,202 Flasche/Spender
700091,2025-07-14,AXO11,5738,202 Flasche/Spender
